Timestamp,User Count,Type,Name,Requests/s,Failures/s,50%,66%,75%,80%,90%,95%,98%,99%,99.9%,99.99%,100%,Total Request Count,Total Failure Count,Total Median Response Time,Total Average Response Time,Total Min Response Time,Total Max Response Time,Total Average Content Size
1669138052,0,,Aggregated,0.000000,0.000000,N/A,N/A,N/A,N/A,N/A,N/A,N/A,N/A,N/A,N/A,N/A,0,0,0,0.0,0,0,0
1669138053,1,,Aggregated,0.000000,0.000000,N/A,N/A,N/A,N/A,N/A,N/A,N/A,N/A,N/A,N/A,N/A,0,0,0,0.0,0,0,0
1669138054,1,,Aggregated,0.000000,0.000000,N/A,N/A,N/A,N/A,N/A,N/A,N/A,N/A,N/A,N/A,N/A,0,0,0,0.0,0,0,0
1669138055,1,,Aggregated,0.000000,0.000000,N/A,N/A,N/A,N/A,N/A,N/A,N/A,N/A,N/A,N/A,N/A,0,0,0,0.0,0,0,0
1669138056,1,,Aggregated,0.000000,0.000000,N/A,N/A,N/A,N/A,N/A,N/A,N/A,N/A,N/A,N/A,N/A,0,0,0,0.0,0,0,0
1669138057,1,,Aggregated,0.000000,0.000000,4100,4100,4100,4100,4100,4100,4100,4100,4100,4100,4100,1,1,4112.4894,4112.4894,4112.4894,4112.4894,0.0
1669138058,1,,Aggregated,0.000000,0.000000,4100,4100,4100,4100,4100,4100,4100,4100,4100,4100,4100,1,1,4112.4894,4112.4894,4112.4894,4112.4894,0.0
1669138059,1,,Aggregated,0.000000,0.000000,4100,4100,4100,4100,4100,4100,4100,4100,4100,4100,4100,1,1,4112.4894,4112.4894,4112.4894,4112.4894,0.0
1669138060,1,,Aggregated,0.000000,0.000000,4100,4100,4100,4100,4100,4100,4100,4100,4100,4100,4100,1,1,4112.4894,4112.4894,4112.4894,4112.4894,0.0
1669138061,1,,Aggregated,0.166667,0.166667,4100,4100,4100,4100,4100,4100,4100,4100,4100,4100,4100,2,2,4108.6393,4110.564350000001,4108.6393,4112.4894,0.0
1669138062,1,,Aggregated,0.166667,0.166667,4100,4100,4100,4100,4100,4100,4100,4100,4100,4100,4100,2,2,4108.6393,4110.564350000001,4108.6393,4112.4894,0.0
1669138064,1,,Aggregated,0.166667,0.166667,4100,4100,4100,4100,4100,4100,4100,4100,4100,4100,4100,2,2,4108.6393,4110.564350000001,4108.6393,4112.4894,0.0
1669138065,1,,Aggregated,0.166667,0.166667,4100,4100,4100,4100,4100,4100,4100,4100,4100,4100,4100,2,2,4108.6393,4110.564350000001,4108.6393,4112.4894,0.0
1669138066,1,,Aggregated,0.200000,0.200000,4100,4100,4100,4100,4100,4100,4100,4100,4100,4100,4100,3,3,4100.0,4094.8616,4063.4561,4112.4894,0.0
1669138067,1,,Aggregated,0.200000,0.200000,4100,4100,4100,4100,4100,4100,4100,4100,4100,4100,4100,3,3,4100.0,4094.8616,4063.4561,4112.4894,0.0
1669138068,1,,Aggregated,0.200000,0.200000,4100,4100,4100,4100,4100,4100,4100,4100,4100,4100,4100,3,3,4100.0,4094.8616,4063.4561,4112.4894,0.0
1669138069,1,,Aggregated,0.200000,0.200000,4100,4100,4100,4100,4100,4100,4100,4100,4100,4100,4100,3,3,4100.0,4094.8616,4063.4561,4112.4894,0.0
1669138070,1,,Aggregated,0.200000,0.200000,4100,4100,4100,4100,4100,4100,4100,4100,4100,4100,4100,4,4,4100.0,4088.9349,4063.4561,4112.4894,0.0
1669138071,1,,Aggregated,0.200000,0.200000,4100,4100,4100,4100,4100,4100,4100,4100,4100,4100,4100,4,4,4100.0,4088.9349,4063.4561,4112.4894,0.0
1669138072,1,,Aggregated,0.200000,0.200000,4100,4100,4100,4100,4100,4100,4100,4100,4100,4100,4100,4,4,4100.0,4088.9349,4063.4561,4112.4894,0.0
1669138073,1,,Aggregated,0.200000,0.200000,4100,4100,4100,4100,4100,4100,4100,4100,4100,4100,4100,4,4,4100.0,4088.9349,4063.4561,4112.4894,0.0
1669138074,1,,Aggregated,0.200000,0.200000,4100,4100,4100,4100,4100,4100,4100,4100,4100,4100,4100,5,5,4100.0,4090.7123,4063.4561,4112.4894,0.0
1669138075,1,,Aggregated,0.200000,0.200000,4100,4100,4100,4100,4100,4100,4100,4100,4100,4100,4100,5,5,4100.0,4090.7123,4063.4561,4112.4894,0.0
1669138076,1,,Aggregated,0.200000,0.200000,4100,4100,4100,4100,4100,4100,4100,4100,4100,4100,4100,5,5,4100.0,4090.7123,4063.4561,4112.4894,0.0
1669138077,1,,Aggregated,0.200000,0.200000,4100,4100,4100,4100,4100,4100,4100,4100,4100,4100,4100,5,5,4100.0,4090.7123,4063.4561,4112.4894,0.0
1669138078,1,,Aggregated,0.300000,0.300000,4100,4100,4100,4100,4100,4100,4100,4100,4100,4100,4100,6,6,4100.0,4082.963633333333,4044.220299999999,4112.4894,0.0
1669138079,1,,Aggregated,0.300000,0.300000,4100,4100,4100,4100,4100,4100,4100,4100,4100,4100,4100,6,6,4100.0,4082.963633333333,4044.220299999999,4112.4894,0.0
1669138080,1,,Aggregated,0.300000,0.300000,4100,4100,4100,4100,4100,4100,4100,4100,4100,4100,4100,6,6,4100.0,4082.963633333333,4044.220299999999,4112.4894,0.0
1669138081,1,,Aggregated,0.300000,0.300000,4100,4100,4100,4100,4100,4100,4100,4100,4100,4100,4100,6,6,4100.0,4082.963633333333,4044.220299999999,4112.4894,0.0
1669138082,1,,Aggregated,0.300000,0.300000,4100,4100,4100,4100,4100,4100,4100,4100,4100,4100,4100,7,7,4100.0,4083.0076,4044.220299999999,4112.4894,0.0
1669138083,1,,Aggregated,0.300000,0.300000,4100,4100,4100,4100,4100,4100,4100,4100,4100,4100,4100,7,7,4100.0,4083.0076,4044.220299999999,4112.4894,0.0
1669138084,1,,Aggregated,0.300000,0.300000,4100,4100,4100,4100,4100,4100,4100,4100,4100,4100,4100,7,7,4100.0,4083.0076,4044.220299999999,4112.4894,0.0
1669138085,1,,Aggregated,0.300000,0.300000,4100,4100,4100,4100,4100,4100,4100,4100,4100,4100,4100,7,7,4100.0,4083.0076,4044.220299999999,4112.4894,0.0
1669138086,1,,Aggregated,0.300000,0.300000,4100,4100,4100,4100,4100,4100,4100,4100,4100,4100,4100,8,8,4100.0,4086.50225,4044.220299999999,4112.4894,0.0
1669138087,1,,Aggregated,0.300000,0.300000,4100,4100,4100,4100,4100,4100,4100,4100,4100,4100,4100,8,8,4100.0,4086.50225,4044.220299999999,4112.4894,0.0
1669138088,1,,Aggregated,0.300000,0.300000,4100,4100,4100,4100,4100,4100,4100,4100,4100,4100,4100,8,8,4100.0,4086.50225,4044.220299999999,4112.4894,0.0
1669138089,1,,Aggregated,0.300000,0.300000,4100,4100,4100,4100,4100,4100,4100,4100,4100,4100,4100,8,8,4100.0,4086.50225,4044.220299999999,4112.4894,0.0
1669138090,1,,Aggregated,0.300000,0.300000,4100,4100,4100,4100,4100,4100,4100,4100,4100,4100,4100,9,9,4100.0,4082.7022999999995,4044.220299999999,4112.4894,0.0
1669138091,1,,Aggregated,0.300000,0.300000,4100,4100,4100,4100,4100,4100,4100,4100,4100,4100,4100,9,9,4100.0,4082.7022999999995,4044.220299999999,4112.4894,0.0
1669138092,1,,Aggregated,0.300000,0.300000,4100,4100,4100,4100,4100,4100,4100,4100,4100,4100,4100,9,9,4100.0,4082.7022999999995,4044.220299999999,4112.4894,0.0
1669138093,1,,Aggregated,0.300000,0.300000,4100,4100,4100,4100,4100,4100,4100,4100,4100,4100,4100,9,9,4100.0,4082.7022999999995,4044.220299999999,4112.4894,0.0
1669138094,1,,Aggregated,0.300000,0.300000,4100,4100,4100,4100,4100,4100,4100,4100,4100,4100,4100,10,10,4100.0,4080.79652,4044.220299999999,4112.4894,0.0
1669138095,1,,Aggregated,0.300000,0.300000,4100,4100,4100,4100,4100,4100,4100,4100,4100,4100,4100,10,10,4100.0,4080.79652,4044.220299999999,4112.4894,0.0
1669138096,1,,Aggregated,0.300000,0.300000,4100,4100,4100,4100,4100,4100,4100,4100,4100,4100,4100,10,10,4100.0,4080.79652,4044.220299999999,4112.4894,0.0
1669138097,1,,Aggregated,0.300000,0.300000,4100,4100,4100,4100,4100,4100,4100,4100,4100,4100,4100,10,10,4100.0,4080.79652,4044.220299999999,4112.4894,0.0
1669138098,1,,Aggregated,0.300000,0.300000,4100,4100,4100,4100,4100,4100,4100,4100,4100,4100,4100,11,11,4100.0,4079.2003181818186,4044.220299999999,4112.4894,0.0
1669138099,1,,Aggregated,0.300000,0.300000,4100,4100,4100,4100,4100,4100,4100,4100,4100,4100,4100,11,11,4100.0,4079.2003181818186,4044.220299999999,4112.4894,0.0
1669138100,1,,Aggregated,0.300000,0.300000,4100,4100,4100,4100,4100,4100,4100,4100,4100,4100,4100,11,11,4100.0,4079.2003181818186,4044.220299999999,4112.4894,0.0
1669138101,1,,Aggregated,0.300000,0.300000,4100,4100,4100,4100,4100,4100,4100,4100,4100,4100,4100,11,11,4100.0,4079.2003181818186,4044.220299999999,4112.4894,0.0
1669138102,1,,Aggregated,0.300000,0.300000,4100,4100,4100,4100,4100,4100,4100,4100,4100,4100,4100,12,12,4100.0,4081.727575000001,4044.220299999999,4112.4894,0.0
1669138103,1,,Aggregated,0.300000,0.300000,4100,4100,4100,4100,4100,4100,4100,4100,4100,4100,4100,12,12,4100.0,4081.727575000001,4044.220299999999,4112.4894,0.0
1669138104,1,,Aggregated,0.300000,0.300000,4100,4100,4100,4100,4100,4100,4100,4100,4100,4100,4100,12,12,4100.0,4081.727575000001,4044.220299999999,4112.4894,0.0
1669138105,1,,Aggregated,0.300000,0.300000,4100,4100,4100,4100,4100,4100,4100,4100,4100,4100,4100,12,12,4100.0,4081.727575000001,4044.220299999999,4112.4894,0.0
1669138106,1,,Aggregated,0.300000,0.300000,4100,4100,4100,4100,4100,4100,4100,4100,4100,4100,4100,13,13,4100.0,4079.9693846153855,4044.220299999999,4112.4894,0.0
1669138107,1,,Aggregated,0.300000,0.300000,4100,4100,4100,4100,4100,4100,4100,4100,4100,4100,4100,13,13,4100.0,4079.9693846153855,4044.220299999999,4112.4894,0.0
1669138108,1,,Aggregated,0.300000,0.300000,4100,4100,4100,4100,4100,4100,4100,4100,4100,4100,4100,13,13,4100.0,4079.9693846153855,4044.220299999999,4112.4894,0.0
1669138109,1,,Aggregated,0.300000,0.300000,4100,4100,4100,4100,4100,4100,4100,4100,4100,4100,4100,13,13,4100.0,4079.9693846153855,4044.220299999999,4112.4894,0.0
1669138110,1,,Aggregated,0.300000,0.300000,4100,4100,4100,4100,4100,4100,4100,4100,4100,4100,4100,14,14,4100.0,4081.0199000000007,4044.220299999999,4112.4894,0.0
1669138111,1,,Aggregated,0.300000,0.300000,4100,4100,4100,4100,4100,4100,4100,4100,4100,4100,4100,14,14,4100.0,4081.0199000000007,4044.220299999999,4112.4894,0.0
1669138112,1,,Aggregated,0.300000,0.300000,4100,4100,4100,4100,4100,4100,4100,4100,4100,4100,4100,14,14,4100.0,4081.0199000000007,4044.220299999999,4112.4894,0.0
1669138113,1,,Aggregated,0.300000,0.300000,4100,4100,4100,4100,4100,4100,4100,4100,4100,4100,4100,14,14,4100.0,4081.0199000000007,4044.220299999999,4112.4894,0.0
1669138114,1,,Aggregated,0.300000,0.300000,4100,4100,4100,4100,4100,4100,4100,4100,4100,4100,4100,15,15,4100.0,4081.8760066666678,4044.220299999999,4112.4894,0.0
1669138116,1,,Aggregated,0.300000,0.300000,4100,4100,4100,4100,4100,4100,4100,4100,4100,4100,4100,15,15,4100.0,4081.8760066666678,4044.220299999999,4112.4894,0.0
1669138117,1,,Aggregated,0.300000,0.300000,4100,4100,4100,4100,4100,4100,4100,4100,4100,4100,4100,15,15,4100.0,4081.8760066666678,4044.220299999999,4112.4894,0.0
1669138118,1,,Aggregated,0.300000,0.300000,4100,4100,4100,4100,4100,4100,4100,4100,4100,4100,4100,15,15,4100.0,4081.8760066666678,4044.220299999999,4112.4894,0.0
1669138119,1,,Aggregated,0.200000,0.200000,4100,4100,4100,4100,4100,4100,4100,4100,4100,4100,4100,16,16,4100.0,4081.1974812500016,4044.220299999999,4112.4894,0.0
1669138120,1,,Aggregated,0.200000,0.200000,4100,4100,4100,4100,4100,4100,4100,4100,4100,4100,4100,16,16,4100.0,4081.1974812500016,4044.220299999999,4112.4894,0.0
1669138121,1,,Aggregated,0.200000,0.200000,4100,4100,4100,4100,4100,4100,4100,4100,4100,4100,4100,16,16,4100.0,4081.1974812500016,4044.220299999999,4112.4894,0.0
1669138122,1,,Aggregated,0.200000,0.200000,4100,4100,4100,4100,4100,4100,4100,4100,4100,4100,4100,16,16,4100.0,4081.1974812500016,4044.220299999999,4112.4894,0.0
1669138123,1,,Aggregated,0.200000,0.200000,4100,4100,4100,4100,4100,4100,4100,4100,4100,4100,4100,17,17,4100.0,4080.8789058823545,4044.220299999999,4112.4894,0.0
1669138124,1,,Aggregated,0.200000,0.200000,4100,4100,4100,4100,4100,4100,4100,4100,4100,4100,4100,17,17,4100.0,4080.8789058823545,4044.220299999999,4112.4894,0.0
1669138125,1,,Aggregated,0.200000,0.200000,4100,4100,4100,4100,4100,4100,4100,4100,4100,4100,4100,17,17,4100.0,4080.8789058823545,4044.220299999999,4112.4894,0.0
1669138126,1,,Aggregated,0.200000,0.200000,4100,4100,4100,4100,4100,4100,4100,4100,4100,4100,4100,17,17,4100.0,4080.8789058823545,4044.220299999999,4112.4894,0.0
1669138127,1,,Aggregated,0.200000,0.200000,4100,4100,4100,4100,4100,4100,4100,4100,4100,4100,4100,18,18,4100.0,4081.7714166666683,4044.220299999999,4112.4894,0.0
1669138128,1,,Aggregated,0.200000,0.200000,4100,4100,4100,4100,4100,4100,4100,4100,4100,4100,4100,18,18,4100.0,4081.7714166666683,4044.220299999999,4112.4894,0.0
1669138129,1,,Aggregated,0.200000,0.200000,4100,4100,4100,4100,4100,4100,4100,4100,4100,4100,4100,18,18,4100.0,4081.7714166666683,4044.220299999999,4112.4894,0.0
1669138130,1,,Aggregated,0.200000,0.200000,4100,4100,4100,4100,4100,4100,4100,4100,4100,4100,4100,18,18,4100.0,4081.7714166666683,4044.220299999999,4112.4894,0.0
1669138131,1,,Aggregated,0.300000,0.300000,4100,4100,4100,4100,4100,4100,4100,4100,4100,4100,4100,19,19,4100.0,4082.670473684212,4044.220299999999,4112.4894,0.0
1669138132,1,,Aggregated,0.300000,0.300000,4100,4100,4100,4100,4100,4100,4100,4100,4100,4100,4100,19,19,4100.0,4082.670473684212,4044.220299999999,4112.4894,0.0
1669138133,1,,Aggregated,0.300000,0.300000,4100,4100,4100,4100,4100,4100,4100,4100,4100,4100,4100,19,19,4100.0,4082.670473684212,4044.220299999999,4112.4894,0.0
1669138134,1,,Aggregated,0.300000,0.300000,4100,4100,4100,4100,4100,4100,4100,4100,4100,4100,4100,19,19,4100.0,4082.670473684212,4044.220299999999,4112.4894,0.0
1669138135,1,,Aggregated,0.300000,0.300000,4100,4100,4100,4100,4100,4100,4100,4100,4100,4100,4100,20,20,4100.0,4081.663730000001,4044.220299999999,4112.4894,0.0
1669138136,1,,Aggregated,0.300000,0.300000,4100,4100,4100,4100,4100,4100,4100,4100,4100,4100,4100,20,20,4100.0,4081.663730000001,4044.220299999999,4112.4894,0.0
1669138137,1,,Aggregated,0.300000,0.300000,4100,4100,4100,4100,4100,4100,4100,4100,4100,4100,4100,20,20,4100.0,4081.663730000001,4044.220299999999,4112.4894,0.0
1669138138,1,,Aggregated,0.300000,0.300000,4100,4100,4100,4100,4100,4100,4100,4100,4100,4100,4100,20,20,4100.0,4081.663730000001,4044.220299999999,4112.4894,0.0
1669138139,1,,Aggregated,0.300000,0.300000,4100,4100,4100,4100,4100,4100,4100,4100,4100,4100,4100,21,21,4100.0,4083.2670000000007,4044.220299999999,4115.332399999999,0.0
1669138140,1,,Aggregated,0.300000,0.300000,4100,4100,4100,4100,4100,4100,4100,4100,4100,4100,4100,21,21,4100.0,4083.2670000000007,4044.220299999999,4115.332399999999,0.0
1669138141,1,,Aggregated,0.300000,0.300000,4100,4100,4100,4100,4100,4100,4100,4100,4100,4100,4100,21,21,4100.0,4083.2670000000007,4044.220299999999,4115.332399999999,0.0
1669138142,1,,Aggregated,0.300000,0.300000,4100,4100,4100,4100,4100,4100,4100,4100,4100,4100,4100,21,21,4100.0,4083.2670000000007,4044.220299999999,4115.332399999999,0.0
1669138143,1,,Aggregated,0.300000,0.300000,4100,4100,4100,4100,4100,4100,4100,4100,4100,4100,4100,22,22,4100.0,4083.9528272727284,4044.220299999999,4115.332399999999,0.0
1669138144,1,,Aggregated,0.300000,0.300000,4100,4100,4100,4100,4100,4100,4100,4100,4100,4100,4100,22,22,4100.0,4083.9528272727284,4044.220299999999,4115.332399999999,0.0
1669138145,1,,Aggregated,0.300000,0.300000,4100,4100,4100,4100,4100,4100,4100,4100,4100,4100,4100,22,22,4100.0,4083.9528272727284,4044.220299999999,4115.332399999999,0.0
1669138146,1,,Aggregated,0.300000,0.300000,4100,4100,4100,4100,4100,4100,4100,4100,4100,4100,4100,22,22,4100.0,4083.9528272727284,4044.220299999999,4115.332399999999,0.0
1669138147,1,,Aggregated,0.300000,0.300000,4100,4100,4100,4100,4100,4100,4100,4100,4100,4100,4100,23,23,4100.0,4082.693978260871,4044.220299999999,4115.332399999999,0.0
1669138148,1,,Aggregated,0.300000,0.300000,4100,4100,4100,4100,4100,4100,4100,4100,4100,4100,4100,23,23,4100.0,4082.693978260871,4044.220299999999,4115.332399999999,0.0
1669138149,1,,Aggregated,0.300000,0.300000,4100,4100,4100,4100,4100,4100,4100,4100,4100,4100,4100,23,23,4100.0,4082.693978260871,4044.220299999999,4115.332399999999,0.0
1669138150,1,,Aggregated,0.300000,0.300000,4100,4100,4100,4100,4100,4100,4100,4100,4100,4100,4100,23,23,4100.0,4082.693978260871,4044.220299999999,4115.332399999999,0.0
1669138151,1,,Aggregated,0.300000,0.300000,4100,4100,4100,4100,4100,4100,4100,4100,4100,4100,4100,24,24,4100.0,4082.4006500000014,4044.220299999999,4115.332399999999,0.0
1669138152,1,,Aggregated,0.300000,0.300000,4100,4100,4100,4100,4100,4100,4100,4100,4100,4100,4100,24,24,4100.0,4082.4006500000014,4044.220299999999,4115.332399999999,0.0
1669138153,1,,Aggregated,0.300000,0.300000,4100,4100,4100,4100,4100,4100,4100,4100,4100,4100,4100,24,24,4100.0,4082.4006500000014,4044.220299999999,4115.332399999999,0.0
1669138154,1,,Aggregated,0.300000,0.300000,4100,4100,4100,4100,4100,4100,4100,4100,4100,4100,4100,24,24,4100.0,4082.4006500000014,4044.220299999999,4115.332399999999,0.0
1669138155,1,,Aggregated,0.300000,0.300000,4100,4100,4100,4100,4100,4100,4100,4100,4100,4100,4100,25,25,4100.0,4082.8843960000017,4044.220299999999,4115.332399999999,0.0
1669138156,1,,Aggregated,0.300000,0.300000,4100,4100,4100,4100,4100,4100,4100,4100,4100,4100,4100,25,25,4100.0,4082.8843960000017,4044.220299999999,4115.332399999999,0.0
1669138157,1,,Aggregated,0.300000,0.300000,4100,4100,4100,4100,4100,4100,4100,4100,4100,4100,4100,25,25,4100.0,4082.8843960000017,4044.220299999999,4115.332399999999,0.0
1669138158,1,,Aggregated,0.300000,0.300000,4100,4100,4100,4100,4100,4100,4100,4100,4100,4100,4100,25,25,4100.0,4082.8843960000017,4044.220299999999,4115.332399999999,0.0
1669138159,1,,Aggregated,0.300000,0.300000,4100,4100,4100,4100,4100,4100,4100,4100,4100,4100,4100,26,26,4100.0,4083.991207692309,4044.220299999999,4115.332399999999,0.0
1669138160,1,,Aggregated,0.300000,0.300000,4100,4100,4100,4100,4100,4100,4100,4100,4100,4100,4100,26,26,4100.0,4083.991207692309,4044.220299999999,4115.332399999999,0.0
1669138161,1,,Aggregated,0.300000,0.300000,4100,4100,4100,4100,4100,4100,4100,4100,4100,4100,4100,26,26,4100.0,4083.991207692309,4044.220299999999,4115.332399999999,0.0
1669138163,1,,Aggregated,0.300000,0.300000,4100,4100,4100,4100,4100,4100,4100,4100,4100,4100,4100,26,26,4100.0,4083.991207692309,4044.220299999999,4115.332399999999,0.0
1669138164,1,,Aggregated,0.200000,0.200000,4100,4100,4100,4100,4100,4100,4100,4100,4100,4100,4100,27,27,4100.0,4083.2489962962977,4044.220299999999,4115.332399999999,0.0
1669138165,1,,Aggregated,0.200000,0.200000,4100,4100,4100,4100,4100,4100,4100,4100,4100,4100,4100,27,27,4100.0,4083.2489962962977,4044.220299999999,4115.332399999999,0.0
1669138166,1,,Aggregated,0.200000,0.200000,4100,4100,4100,4100,4100,4100,4100,4100,4100,4100,4100,27,27,4100.0,4083.2489962962977,4044.220299999999,4115.332399999999,0.0
1669138167,1,,Aggregated,0.200000,0.200000,4100,4100,4100,4100,4100,4100,4100,4100,4100,4100,4100,27,27,4100.0,4083.2489962962977,4044.220299999999,4115.332399999999,0.0
1669138168,1,,Aggregated,0.200000,0.200000,4100,4100,4100,4100,4100,4100,4100,4100,4100,4100,4100,28,28,4100.0,4083.7596535714297,4044.220299999999,4115.332399999999,0.0
1669138169,1,,Aggregated,0.200000,0.200000,4100,4100,4100,4100,4100,4100,4100,4100,4100,4100,4100,28,28,4100.0,4083.7596535714297,4044.220299999999,4115.332399999999,0.0
1669138170,1,,Aggregated,0.200000,0.200000,4100,4100,4100,4100,4100,4100,4100,4100,4100,4100,4100,28,28,4100.0,4083.7596535714297,4044.220299999999,4115.332399999999,0.0
1669138171,1,,Aggregated,0.200000,0.200000,4100,4100,4100,4100,4100,4100,4100,4100,4100,4100,4100,28,28,4100.0,4083.7596535714297,4044.220299999999,4115.332399999999,0.0
1669138172,1,,Aggregated,0.200000,0.200000,4100,4100,4100,4100,4100,4100,4100,4100,4100,4100,4100,29,29,4100.0,4084.846972413794,4044.220299999999,4115.332399999999,0.0
1669138173,1,,Aggregated,0.200000,0.200000,4100,4100,4100,4100,4100,4100,4100,4100,4100,4100,4100,29,29,4100.0,4084.846972413794,4044.220299999999,4115.332399999999,0.0
1669138174,1,,Aggregated,0.200000,0.200000,4100,4100,4100,4100,4100,4100,4100,4100,4100,4100,4100,29,29,4100.0,4084.846972413794,4044.220299999999,4115.332399999999,0.0
1669138175,1,,Aggregated,0.200000,0.200000,4100,4100,4100,4100,4100,4100,4100,4100,4100,4100,4100,29,29,4100.0,4084.846972413794,4044.220299999999,4115.332399999999,0.0
1669138176,1,,Aggregated,0.300000,0.300000,4100,4100,4100,4100,4100,4100,4100,4100,4100,4100,4100,30,30,4100.0,4083.737670000001,4044.220299999999,4115.332399999999,0.0
1669138177,1,,Aggregated,0.300000,0.300000,4100,4100,4100,4100,4100,4100,4100,4100,4100,4100,4100,30,30,4100.0,4083.737670000001,4044.220299999999,4115.332399999999,0.0
1669138178,1,,Aggregated,0.300000,0.300000,4100,4100,4100,4100,4100,4100,4100,4100,4100,4100,4100,30,30,4100.0,4083.737670000001,4044.220299999999,4115.332399999999,0.0
1669138179,1,,Aggregated,0.300000,0.300000,4100,4100,4100,4100,4100,4100,4100,4100,4100,4100,4100,30,30,4100.0,4083.737670000001,4044.220299999999,4115.332399999999,0.0
1669138180,1,,Aggregated,0.300000,0.300000,4100,4100,4100,4100,4100,4100,4100,4100,4100,4100,4100,31,31,4100.0,4084.0112677419365,4044.220299999999,4115.332399999999,0.0
1669138181,1,,Aggregated,0.300000,0.300000,4100,4100,4100,4100,4100,4100,4100,4100,4100,4100,4100,31,31,4100.0,4084.0112677419365,4044.220299999999,4115.332399999999,0.0
1669138182,1,,Aggregated,0.300000,0.300000,4100,4100,4100,4100,4100,4100,4100,4100,4100,4100,4100,31,31,4100.0,4084.0112677419365,4044.220299999999,4115.332399999999,0.0
1669138183,1,,Aggregated,0.300000,0.300000,4100,4100,4100,4100,4100,4100,4100,4100,4100,4100,4100,31,31,4100.0,4084.0112677419365,4044.220299999999,4115.332399999999,0.0
1669138184,1,,Aggregated,0.300000,0.300000,4100,4100,4100,4100,4100,4100,4100,4100,4100,4100,4100,32,32,4100.0,4084.411768750001,4044.220299999999,4115.332399999999,0.0
1669138185,1,,Aggregated,0.300000,0.300000,4100,4100,4100,4100,4100,4100,4100,4100,4100,4100,4100,32,32,4100.0,4084.411768750001,4044.220299999999,4115.332399999999,0.0
1669138186,1,,Aggregated,0.300000,0.300000,4100,4100,4100,4100,4100,4100,4100,4100,4100,4100,4100,32,32,4100.0,4084.411768750001,4044.220299999999,4115.332399999999,0.0
1669138187,1,,Aggregated,0.300000,0.300000,4100,4100,4100,4100,4100,4100,4100,4100,4100,4100,4100,32,32,4100.0,4084.411768750001,4044.220299999999,4115.332399999999,0.0
1669138188,1,,Aggregated,0.300000,0.300000,4100,4100,4100,4100,4100,4100,4100,4100,4100,4100,4100,33,33,4100.0,4084.67287878788,4044.220299999999,4115.332399999999,0.0
1669138189,1,,Aggregated,0.300000,0.300000,4100,4100,4100,4100,4100,4100,4100,4100,4100,4100,4100,33,33,4100.0,4084.67287878788,4044.220299999999,4115.332399999999,0.0
1669138190,1,,Aggregated,0.300000,0.300000,4100,4100,4100,4100,4100,4100,4100,4100,4100,4100,4100,33,33,4100.0,4084.67287878788,4044.220299999999,4115.332399999999,0.0
1669138191,1,,Aggregated,0.300000,0.300000,4100,4100,4100,4100,4100,4100,4100,4100,4100,4100,4100,33,33,4100.0,4084.67287878788,4044.220299999999,4115.332399999999,0.0
1669138192,1,,Aggregated,0.300000,0.300000,4100,4100,4100,4100,4100,4100,4100,4100,4100,4100,4100,34,34,4100.0,4084.16676764706,4044.220299999999,4115.332399999999,0.0
1669138193,1,,Aggregated,0.300000,0.300000,4100,4100,4100,4100,4100,4100,4100,4100,4100,4100,4100,34,34,4100.0,4084.16676764706,4044.220299999999,4115.332399999999,0.0
1669138194,1,,Aggregated,0.300000,0.300000,4100,4100,4100,4100,4100,4100,4100,4100,4100,4100,4100,34,34,4100.0,4084.16676764706,4044.220299999999,4115.332399999999,0.0
1669138195,1,,Aggregated,0.300000,0.300000,4100,4100,4100,4100,4100,4100,4100,4100,4100,4100,4100,34,34,4100.0,4084.16676764706,4044.220299999999,4115.332399999999,0.0
1669138196,1,,Aggregated,0.300000,0.300000,4100,4100,4100,4100,4100,4100,4100,4100,4100,4100,4100,35,35,4100.0,4084.6001228571436,4044.220299999999,4115.332399999999,0.0
1669138197,1,,Aggregated,0.300000,0.300000,4100,4100,4100,4100,4100,4100,4100,4100,4100,4100,4100,35,35,4100.0,4084.6001228571436,4044.220299999999,4115.332399999999,0.0
1669138198,1,,Aggregated,0.300000,0.300000,4100,4100,4100,4100,4100,4100,4100,4100,4100,4100,4100,35,35,4100.0,4084.6001228571436,4044.220299999999,4115.332399999999,0.0
1669138199,1,,Aggregated,0.300000,0.300000,4100,4100,4100,4100,4100,4100,4100,4100,4100,4100,4100,35,35,4100.0,4084.6001228571436,4044.220299999999,4115.332399999999,0.0
1669138200,1,,Aggregated,0.300000,0.300000,4100,4100,4100,4100,4100,4100,4100,4100,4100,4100,4100,36,36,4100.0,4084.421850000001,4044.220299999999,4115.332399999999,0.0
1669138201,1,,Aggregated,0.300000,0.300000,4100,4100,4100,4100,4100,4100,4100,4100,4100,4100,4100,36,36,4100.0,4084.421850000001,4044.220299999999,4115.332399999999,0.0
1669138202,1,,Aggregated,0.300000,0.300000,4100,4100,4100,4100,4100,4100,4100,4100,4100,4100,4100,36,36,4100.0,4084.421850000001,4044.220299999999,4115.332399999999,0.0
1669138203,1,,Aggregated,0.300000,0.300000,4100,4100,4100,4100,4100,4100,4100,4100,4100,4100,4100,36,36,4100.0,4084.421850000001,4044.220299999999,4115.332399999999,0.0
1669138204,1,,Aggregated,0.300000,0.300000,4100,4100,4100,4100,4100,4100,4100,4100,4100,4100,4100,37,37,4100.0,4083.6860945945955,4044.220299999999,4115.332399999999,0.0
1669138205,1,,Aggregated,0.300000,0.300000,4100,4100,4100,4100,4100,4100,4100,4100,4100,4100,4100,37,37,4100.0,4083.6860945945955,4044.220299999999,4115.332399999999,0.0
1669138206,1,,Aggregated,0.300000,0.300000,4100,4100,4100,4100,4100,4100,4100,4100,4100,4100,4100,37,37,4100.0,4083.6860945945955,4044.220299999999,4115.332399999999,0.0
1669138207,1,,Aggregated,0.300000,0.300000,4100,4100,4100,4100,4100,4100,4100,4100,4100,4100,4100,37,37,4100.0,4083.6860945945955,4044.220299999999,4115.332399999999,0.0
1669138208,1,,Aggregated,0.300000,0.300000,4100,4100,4100,4100,4100,4100,4100,4100,4100,4100,4100,38,38,4100.0,4083.003763157895,4044.220299999999,4115.332399999999,0.0
1669138209,1,,Aggregated,0.300000,0.300000,4100,4100,4100,4100,4100,4100,4100,4100,4100,4100,4100,38,38,4100.0,4083.003763157895,4044.220299999999,4115.332399999999,0.0
1669138210,1,,Aggregated,0.300000,0.300000,4100,4100,4100,4100,4100,4100,4100,4100,4100,4100,4100,38,38,4100.0,4083.003763157895,4044.220299999999,4115.332399999999,0.0
1669138211,1,,Aggregated,0.300000,0.300000,4100,4100,4100,4100,4100,4100,4100,4100,4100,4100,4100,38,38,4100.0,4083.003763157895,4044.220299999999,4115.332399999999,0.0
1669138212,1,,Aggregated,0.300000,0.300000,4100,4100,4100,4100,4100,4100,4100,4100,4100,4100,4100,39,39,4100.0,4082.466864102564,4044.220299999999,4115.332399999999,0.0
1669138213,1,,Aggregated,0.300000,0.300000,4100,4100,4100,4100,4100,4100,4100,4100,4100,4100,4100,39,39,4100.0,4082.466864102564,4044.220299999999,4115.332399999999,0.0
1669138214,1,,Aggregated,0.300000,0.300000,4100,4100,4100,4100,4100,4100,4100,4100,4100,4100,4100,39,39,4100.0,4082.466864102564,4044.220299999999,4115.332399999999,0.0
1669138215,1,,Aggregated,0.300000,0.300000,4100,4100,4100,4100,4100,4100,4100,4100,4100,4100,4100,39,39,4100.0,4082.466864102564,4044.220299999999,4115.332399999999,0.0
1669138216,1,,Aggregated,0.200000,0.200000,4100,4100,4100,4100,4100,4100,4100,4100,4100,4100,4100,40,40,4100.0,4082.0331025,4044.220299999999,4115.332399999999,0.0
1669138217,1,,Aggregated,0.200000,0.200000,4100,4100,4100,4100,4100,4100,4100,4100,4100,4100,4100,40,40,4100.0,4082.0331025,4044.220299999999,4115.332399999999,0.0
1669138218,1,,Aggregated,0.200000,0.200000,4100,4100,4100,4100,4100,4100,4100,4100,4100,4100,4100,40,40,4100.0,4082.0331025,4044.220299999999,4115.332399999999,0.0
1669138219,1,,Aggregated,0.200000,0.200000,4100,4100,4100,4100,4100,4100,4100,4100,4100,4100,4100,40,40,4100.0,4082.0331025,4044.220299999999,4115.332399999999,0.0
1669138221,1,,Aggregated,0.200000,0.200000,4100,4100,4100,4100,4100,4100,4100,4100,4100,4100,4100,41,41,4100.0,4081.6692658536585,4044.220299999999,4115.332399999999,0.0
1669138221,1,,Aggregated,0.200000,0.200000,4100,4100,4100,4100,4100,4100,4100,4100,4100,4100,4100,41,41,4100.0,4081.6692658536585,4044.220299999999,4115.332399999999,0.0
1669138223,1,,Aggregated,0.200000,0.200000,4100,4100,4100,4100,4100,4100,4100,4100,4100,4100,4100,41,41,4100.0,4081.6692658536585,4044.220299999999,4115.332399999999,0.0
1669138224,1,,Aggregated,0.200000,0.200000,4100,4100,4100,4100,4100,4100,4100,4100,4100,4100,4100,41,41,4100.0,4081.6692658536585,4044.220299999999,4115.332399999999,0.0
1669138225,1,,Aggregated,0.200000,0.200000,4100,4100,4100,4100,4100,4100,4100,4100,4100,4100,4100,42,42,4100.0,4080.7694547619044,4043.877199999997,4115.332399999999,0.0
1669138226,1,,Aggregated,0.200000,0.200000,4100,4100,4100,4100,4100,4100,4100,4100,4100,4100,4100,42,42,4100.0,4080.7694547619044,4043.877199999997,4115.332399999999,0.0
